Country,Data source,Sector,Gas,Unit,2019,2018,2017,2016,2015,2014,2013,2012,2011,2010,2009,2008,2007,2006,2005,2004,2003,2002,2001,2000,1999,1998,1997,1996,1995,1994,1993,1992,1991,1990
World,CAIT,Electricity/Heat,All GHG,MtCO₂e,15834.64,15875.48,15416.96,15081.51,15059.71,15336.57,15390.22,15120.13,14819.52,14211.19,13313.89,13527.5,13499.99,12930.23,12435.52,12058.35,11670.52,11048.99,10861.04,10597.94,10172.97,10123.51,9895.91,9624.07,9268.36,9074.97,8978.95,8929.03,8768.7,8627.95
China,CAIT,Electricity/Heat,All GHG,MtCO₂e,5616.35,5405.58,5060.66,4721.35,4616.44,4712.49,4766.22,4472.58,4345.31,3850.79,3472.68,3224.17,3186.52,2912.66,2565.02,2387.6,2189.25,1849.39,1669.17,1582.82,1439.69,1416.39,1334.53,1336.76,1191.43,1088.0,1002.36,881.91,798.08,728.78
United States,CAIT,Electricity/Heat,All GHG,MtCO₂e,1965.56,2105.01,2072.96,2154.19,2243.24,2386.49,2388.77,2370.17,2499.53,2620.93,2499.98,2731.6,2801.71,2734.98,2803.76,2754.54,2720.1,2692.12,2825.56,2814.15,2782.07,2814.45,2756.79,2517.46,2436.26,2373.44,2348.06,2289.28,2191.74,2171.63
India,CAIT,Electricity/Heat,All GHG,MtCO₂e,1244.78,1263.02,1161.63,1102.44,1108.95,1129.4,1011.33,994.24,864.63,823.81,793.39,725.4,706.68,642.4,602.38,587.43,538.83,515.89,507.63,493.44,461.71,420.03,403.92,389.9,366.55,321.31,308.2,279.84,260.14,232.96
European Union (27),CAIT,Electricity/Heat,All GHG,MtCO₂e,992.76,1110.55,1171.75,1165.28,1187.06,1163.32,1232.52,1300.39,1320.12,1338.38,1301.06,1414.7,1490.32,1464.51,1449.69,1456.37,1457.13,1411.98,1388.89,1370.43,1351.12,1388.02,1386.72,1426.96,1398.71,1383.49,1382.61,1432.46,1463.74,1471.48
Russia,CAIT,Electricity/Heat,All GHG,MtCO₂e,871.7,861.48,838.1,841.42,880.75,909.62,971.85,1010.34,1017.71,958.42,893.7,964.05,968.12,997.39,950.36,945.69,959.36,936.51,931.84,932.88,920.04,909.79,913.01,984.75,960.69,1017.63,1104.86,1222.2,1265.21,1235.01
Japan,CAIT,Electricity/Heat,All GHG,MtCO₂e,545.21,567.47,595.18,611.14,610.99,636.3,663.15,657.07,607.64,549.21,504.34,534.11,558.44,506.13,518.61,515.24,519.11,499.42,467.64,476.13,466.22,443.44,460.68,465.93,460.2,471.6,429.89,446.15,440.8,440.15
South Korea,CAIT,Electricity/Heat,All GHG,MtCO₂e,360.26,375.11,366.55,357.98,352.59,344.79,347.19,352.05,347.86,324.05,289.81,269.02,255.1,237.53,229.44,224.86,196.7,191.91,199.73,184.58,142.8,134.8,152.24,133.47,120.86,109.12,97.65,88.34,76.54,65.05
South Africa,CAIT,Electricity/Heat,All GHG,MtCO₂e,290.29,283.6,286.0,292.38,286.34,305.52,294.04,296.06,288.7,304.01,257.7,294.88,266.91,253.62,252.26,262.48,246.9,231.7,228.45,192.89,185.33,195.36,188.27,178.3,170.31,162.21,158.29,148.41,146.09,146.55
Germany,CAIT,Electricity/Heat,All GHG,MtCO₂e,263.44,312.22,329.67,347.97,348.31,352.34,371.86,367.25,356.24,363.66,345.0,373.01,394.59,381.45,377.65,381.25,385.96,380.43,378.92,365.66,360.66,375.82,375.81,391.75,381.06,386.63,386.09,394.43,411.11,413.56
Saudi Arabia,CAIT,Electricity/Heat,All GHG,MtCO₂e,263.07,262.08,276.47,271.71,261.59,250.67,238.29,232.75,203.03,198.06,182.93,172.56,158.21,157.91,150.8,140.69,132.04,125.64,120.2,117.71,112.76,110.37,103.26,97.82,94.79,91.29,89.27,81.37,74.82,71.15
Indonesia,CAIT,Electricity/Heat,All GHG,MtCO₂e,258.23,246.21,219.2,207.25,196.26,194.49,168.81,169.41,176.67,149.51,153.78,153.06,139.15,130.61,124.52,120.04,121.85,109.58,100.32,89.63,95.85,98.83,88.99,77.71,74.44,64.05,62.85,56.31,54.22,47.87
Australia,CAIT,Electricity/Heat,All GHG,MtCO₂e,222.02,222.29,228.18,226.6,220.47,213.67,223.54,231.7,234.22,240.95,247.43,237.45,237.59,230.47,225.64,220.54,210.86,219.69,205.18,197.77,195.01,191.19,170.89,166.65,158.78,152.54,149.8,148.37,145.94,143.47
Canada,CAIT,Electricity/Heat,All GHG,MtCO₂e,212.54,211.44,212.76,213.3,216.88,216.72,214.17,211.12,209.69,208.53,202.51,213.68,229.28,211.42,212.6,192.73,204.08,194.43,195.06,189.83,177.96,176.31,161.91,149.22,147.93,142.58,137.98,146.34,139.3,138.62
Iran,CAIT,Electricity/Heat,All GHG,MtCO₂e,203.17,206.27,206.8,191.0,192.67,191.39,187.74,178.13,171.33,164.16,162.36,157.78,145.32,137.67,130.69,118.92,107.5,102.82,97.13,91.22,89.57,70.66,68.88,64.99,61.74,57.92,54.44,45.98,45.0,41.96
Mexico,CAIT,Electricity/Heat,All GHG,MtCO₂e,186.62,189.62,195.26,197.28,194.14,192.58,202.09,212.86,205.08,195.88,194.1,186.86,194.26,191.09,192.13,185.11,186.86,175.16,173.09,168.89,153.2,159.26,141.91,127.72,122.31,130.86,114.54,107.91,106.93,94.51
Vietnam,CAIT,Electricity/Heat,All GHG,MtCO₂e,155.23,121.27,93.62,97.48,71.37,53.2,44.61,41.61,40.41,41.63,32.46,30.27,29.01,26.76,24.36,20.59,15.84,15.63,12.41,11.53,9.67,10.52,8.16,5.65,4.51,3.74,2.8,3.06,3.65,4.9
Turkey,CAIT,Electricity/Heat,All GHG,MtCO₂e,149.88,159.61,159.03,147.02,134.24,139.03,121.35,127.29,123.49,113.08,112.53,114.53,106.97,90.46,81.39,73.94,72.52,71.76,76.84,75.21,72.14,67.88,63.41,57.84,52.03,50.74,45.25,44.86,41.63,39.57
Poland,CAIT,Electricity/Heat,All GHG,MtCO₂e,146.08,158.23,160.16,158.65,158.97,156.26,165.92,165.48,170.41,169.74,163.86,171.29,176.3,179.71,174.09,175.36,177.03,168.7,174.73,173.03,175.57,181.09,187.54,193.48,186.69,201.41,202.26,215.42,224.02,229.96
Malaysia,CAIT,Electricity/Heat,All GHG,MtCO₂e,130.03,125.77,109.77,118.9,123.94,119.54,114.16,109.23,110.86,106.84,92.19,97.5,86.52,79.81,75.57,68.18,61.24,57.81,54.95,52.79,48.74,44.96,42.11,38.35,34.79,31.5,29.88,26.17,26.53,19.04
Kazakhstan,CAIT,Electricity/Heat,All GHG,MtCO₂e,116.31,120.2,115.96,106.06,94.55,105.2,142.69,131.54,126.99,124.07,113.71,122.76,115.7,119.15,99.54,97.49,93.72,85.91,67.74,71.7,59.04,61.43,59.85,72.82,80.46,105.66,102.87,112.44,114.67,115.75
Egypt,CAIT,Electricity/Heat,All GHG,MtCO₂e,112.89,108.79,106.3,99.34,96.97,92.34,88.29,87.83,81.55,77.99,78.93,74.87,67.69,66.41,63.7,59.17,46.96,41.93,39.47,34.5,36.75,34.76,30.65,28.1,27.42,26.88,27.52,27.69,26.97,25.42
Thailand,CAIT,Electricity/Heat,All GHG,MtCO₂e,109.44,106.39,104.94,111.68,110.91,114.17,115.5,106.6,98.14,98.43,88.96,99.61,96.45,86.62,84.9,79.94,72.66,69.86,67.73,64.45,62.42,62.62,65.29,60.77,53.04,48.47,43.94,40.6,37.21,30.83
Italy,CAIT,Electricity/Heat,All GHG,MtCO₂e,108.97,113.94,121.75,118.76,121.49,114.35,123.23,144.65,152.63,153.7,147.92,174.14,180.07,180.32,178.35,178.93,165.03,159.38,149.66,153.32,147.85,151.96,148.07,145.84,150.49,137.89,135.29,138.67,139.43,143.88
United Kingdom,CAIT,Electricity/Heat,All GHG,MtCO₂e,99.3,107.33,114.36,126.66,151.17,171.72,196.81,212.52,198.19,209.85,204.79,232.8,243.16,249.57,244.11,240.21,242.3,230.86,235.41,226.36,215.79,216.77,211.71,224.13,216.88,219.46,225.33,246.77,247.3,249.0
Brazil,CAIT,Electricity/Heat,All GHG,MtCO₂e,94.53,93.35,102.71,99.43,124.12,129.19,110.03,84.59,65.39,71.95,59.7,71.16,59.4,59.99,59.68,57.42,51.71,51.38,55.98,51.11,46.43,39.86,39.15,34.78,32.29,30.77,30.95,30.63,28.86,28.8
Iraq,CAIT,Electricity/Heat,All GHG,MtCO₂e,83.44,75.01,73.34,65.49,60.92,62.33,54.8,43.13,43.15,42.85,34.08,28.92,17.92,25.34,28.4,34.14,33.39,32.47,35.51,28.83,18.93,41.38,70.54,53.04,53.87,54.9,46.69,29.75,14.3,16.72
Ukraine,CAIT,Electricity/Heat,All GHG,MtCO₂e,83.43,91.32,86.62,105.73,94.93,116.36,137.25,140.79,138.25,130.07,120.74,137.3,140.01,138.73,138.98,128.91,154.84,135.7,135.9,140.56,145.35,147.61,153.63,165.45,204.75,221.07,260.95,273.81,320.48,358.3
Spain,CAIT,Electricity/Heat,All GHG,MtCO₂e,75.27,90.41,100.64,88.33,102.45,88.83,87.87,111.46,103.39,90.06,105.36,122.03,138.61,130.84,132.58,123.03,114.34,119.18,104.03,111.32,107.13,88.94,89.55,77.14,89.66,80.49,78.55,89.19,79.54,78.34
Philippines,CAIT,Electricity/Heat,All GHG,MtCO₂e,72.89,67.03,61.22,53.6,49.69,45.83,42.66,37.01,34.59,33.55,30.2,30.08,27.71,25.63,29.76,26.97,26.17,23.82,24.32,24.52,20.46,23.05,21.87,19.73,17.63,15.2,13.33,13.22,12.33,10.94
United Arab Emirates,CAIT,Electricity/Heat,All GHG,MtCO₂e,72.52,73.37,74.3,72.77,72.55,67.91,64.74,64.46,62.24,60.97,59.42,68.34,57.14,57.07,53.47,50.08,42.01,38.01,34.39,31.02,28.17,25.56,23.24,21.5,20.17,18.85,17.16,14.9,13.9,13.63
Netherlands,CAIT,Electricity/Heat,All GHG,MtCO₂e,61.55,63.98,68.19,71.76,73.18,68.47,65.2,65.22,68.06,71.39,68.44,69.94,70.89,66.43,71.52,74.06,72.48,71.24,70.31,67.21,65.67,70.84,68.41,67.03,65.94,60.6,57.4,55.38,54.8,52.98
Kuwait,CAIT,Electricity/Heat,All GHG,MtCO₂e,61.13,60.62,59.61,61.37,60.53,58.28,58.01,57.53,55.46,53.62,52.03,51.47,48.61,47.14,44.75,40.95,37.16,38.11,36.15,31.89,30.52,25.86,22.08,20.83,20.47,20.94,15.95,11.84,4.6,20.55
Argentina,CAIT,Electricity/Heat,All GHG,MtCO₂e,56.79,64.21,68.33,71.28,69.88,67.09,65.09,67.68,64.63,59.52,57.29,59.17,54.46,53.92,50.61,48.76,41.9,37.34,40.17,42.26,42.85,38.02,33.05,33.25,29.28,30.31,30.54,31.28,32.46,29.08
France,CAIT,Electricity/Heat,All GHG,MtCO₂e,56.47,59.38,62.63,53.74,52.97,49.89,63.98,66.79,64.99,74.85,73.16,75.37,78.88,77.13,81.31,75.28,75.61,72.93,70.18,77.58,74.53,80.44,65.81,70.33,66.57,61.63,61.74,74.61,86.23,75.16
Uzbekistan,CAIT,Electricity/Heat,All GHG,MtCO₂e,55.99,52.94,48.59,47.72,46.29,46.52,46.29,44.19,44.8,42.32,42.38,44.93,42.39,43.75,39.18,43.25,40.28,43.31,43.15,43.49,39.79,41.37,38.33,38.04,35.82,41.82,47.19,48.33,47.3,47.3
Qatar,CAIT,Electricity/Heat,All GHG,MtCO₂e,55.14,53.7,53.01,51.88,51.15,49.45,48.04,47.32,44.47,36.31,30.25,28.1,27.19,24.81,20.8,18.9,17.95,16.03,14.8,13.84,16.04,13.81,12.8,11.62,11.05,10.54,9.96,9.35,8.94,7.75
Czech Republic,CAIT,Electricity/Heat,All GHG,MtCO₂e,52.39,56.23,56.8,58.33,56.83,56.57,59.04,62.92,65.39,66.74,63.12,68.35,73.12,67.86,67.92,69.83,69.72,68.86,70.42,69.95,63.26,67.81,71.01,71.61,69.12,65.24,65.45,64.65,66.58,67.92
Algeria,CAIT,Electricity/Heat,All GHG,MtCO₂e,50.09,48.61,48.14,47.92,49.82,47.91,43.01,43.51,39.35,36.48,36.71,35.32,33.99,34.28,32.64,31.78,32.57,32.32,30.23,29.2,29.35,27.8,27.74,25.77,25.9,24.98,25.31,24.09,24.11,23.13
Pakistan,CAIT,Electricity/Heat,All GHG,MtCO₂e,48.62,46.77,56.08,49.51,45.26,45.07,44.66,41.58,40.28,41.45,45.53,43.33,43.48,42.61,37.49,35.89,31.69,35.36,35.5,34.53,33.09,28.51,29.68,27.46,26.7,23.5,22.55,20.4,17.72,16.05
Venezuela,CAIT,Electricity/Heat,All GHG,MtCO₂e,47.58,57.4,63.1,66.07,69.98,65.83,64.12,63.14,58.71,64.33,66.15,66.74,61.46,60.39,59.6,59.85,59.44,60.0,58.61,56.81,51.63,50.3,49.65,43.16,39.23,37.9,37.41,36.72,32.99,36.53
Chile,CAIT,Electricity/Heat,All GHG,MtCO₂e,40.05,35.52,37.03,37.63,35.77,32.9,38.95,37.41,32.64,27.59,27.13,29.0,26.5,20.97,20.93,20.96,17.25,15.84,14.73,16.63,21.28,18.72,15.85,13.99,10.14,9.27,7.21,7.12,8.38,10.66
Bangladesh,CAIT,Electricity/Heat,All GHG,MtCO₂e,39.54,38.93,37.1,36.31,33.66,32.94,31.11,28.28,25.75,24.28,21.43,19.79,18.11,17.03,14.79,13.66,11.6,11.53,10.74,9.02,8.81,7.82,7.18,6.73,6.73,6.1,5.8,5.21,4.6,4.46
Israel,CAIT,Electricity/Heat,All GHG,MtCO₂e,36.55,35.7,39.36,39.96,40.98,40.24,43.07,51.23,46.24,44.22,41.23,43.63,44.5,42.91,40.61,41.15,41.24,40.47,37.48,36.19,33.31,32.43,31.27,29.04,27.46,26.18,24.49,22.97,20.2,19.85
Serbia,CAIT,Electricity/Heat,All GHG,MtCO₂e,32.49,32.44,33.97,33.37,33.19,26.53,33.22,31.65,34.79,31.63,32.43,30.66,31.4,35.01,33.15,35.92,34.83,33.28,31.76,32.22,28.6,38.23,38.58,35.6,36.57,28.92,31.62,34.36,36.03,40.59
Belarus,CAIT,Electricity/Heat,All GHG,MtCO₂e,32.07,33.27,31.02,30.88,31.3,32.98,32.85,33.24,33.51,37.38,34.6,35.9,34.92,36.83,36.14,36.79,34.09,34.02,34.41,34.39,35.18,36.06,38.03,36.46,36.78,42.38,46.36,54.8,58.9,62.39
Morocco,CAIT,Electricity/Heat,All GHG,MtCO₂e,28.84,23.41,22.62,21.7,22.33,21.69,19.17,20.63,20.06,17.83,15.92,16.99,16.8,17.07,16.93,16.01,14.58,14.12,13.29,11.29,11.05,10.67,10.68,10.0,11.74,10.25,9.29,8.45,7.87,7.95
Greece,CAIT,Electricity/Heat,All GHG,MtCO₂e,28.57,33.98,34.83,33.18,34.71,38.27,41.67,46.02,45.41,45.42,48.49,51.42,52.34,49.03,50.82,50.1,49.33,48.25,48.38,47.93,41.98,40.61,39.17,39.17,42.32,40.59,39.06,39.03,36.49,37.25
Romania,CAIT,Electricity/Heat,All GHG,MtCO₂e,27.54,29.93,30.91,30.41,32.36,31.44,32.3,39.93,43.86,38.88,40.78,48.28,49.33,50.73,47.3,48.11,52.7,49.88,52.42,49.61,47.25,55.15,63.52,71.8,69.9,69.85,82.33,85.56,68.41,79.65
Bahrain,CAIT,Electricity/Heat,All GHG,MtCO₂e,26.44,23.92,23.89,23.66,24.19,23.92,23.0,22.27,21.62,21.48,20.92,21.07,19.64,19.38,17.68,15.32,15.65,15.1,14.46,14.07,13.72,13.64,12.73,12.61,12.04,11.93,11.65,10.9,9.12,9.54
Singapore,CAIT,Electricity/Heat,All GHG,MtCO₂e,26.14,26.05,26.15,25.42,24.89,24.56,25.14,25.95,26.69,25.32,23.0,25.84,26.05,25.54,25.68,28.88,27.98,31.75,32.77,33.14,31.84,31.11,32.0,32.48,30.95,31.65,30.31,25.56,23.97,23.22
Turkmenistan,CAIT,Electricity/Heat,All GHG,MtCO₂e,25.93,25.94,25.95,25.98,26.0,24.03,23.64,23.34,22.71,21.6,18.74,22.29,21.11,19.37,18.62,17.35,16.0,15.32,14.98,14.14,11.42,9.36,9.83,9.6,11.83,11.23,8.31,5.91,11.69,13.08
Nigeria,CAIT,Electricity/Heat,All GHG,MtCO₂e,25.47,25.91,25.61,27.3,25.94,26.32,24.1,23.67,22.03,19.04,15.36,17.28,17.06,16.76,16.93,15.51,13.2,14.99,14.08,13.74,12.54,11.41,12.11,11.62,10.88,10.53,11.69,11.46,9.7,8.26
Oman,CAIT,Electricity/Heat,All GHG,MtCO₂e,24.38,25.34,25.13,23.85,23.96,22.87,21.8,21.42,20.39,19.24,18.73,17.27,16.66,16.41,15.29,16.49,15.43,15.02,14.45,13.31,10.79,9.93,9.44,8.86,8.49,7.11,6.51,6.06,5.89,5.75
Libya,CAIT,Electricity/Heat,All GHG,MtCO₂e,24.19,24.54,23.5,21.55,26.03,25.55,27.66,26.03,19.31,26.74,26.25,25.71,24.96,26.3,24.85,21.5,22.37,20.77,19.61,19.42,18.8,18.05,17.15,17.3,17.12,14.39,12.03,11.82,11.89,11.71
Belgium,CAIT,Electricity/Heat,All GHG,MtCO₂e,23.49,22.65,22.27,22.15,23.38,22.5,23.43,25.43,26.66,30.12,26.07,28.17,29.41,29.72,30.2,30.07,30.7,29.58,29.37,31.37,30.01,33.1,31.45,33.0,33.27,33.6,31.38,31.48,32.3,31.81
Bulgaria,CAIT,Electricity/Heat,All GHG,MtCO₂e,22.66,24.13,27.58,26.15,29.43,28.38,26.67,30.76,35.48,30.85,28.98,32.03,32.35,29.04,28.77,28.88,29.72,26.75,29.55,26.68,26.93,29.16,29.71,36.04,35.71,35.17,38.29,37.87,39.8,45.45
Colombia,CAIT,Electricity/Heat,All GHG,MtCO₂e,20.31,17.98,15.89,22.53,21.58,19.54,18.76,15.21,13.59,17.42,17.0,10.92,12.4,12.2,12.8,12.23,13.48,13.26,13.79,13.58,11.9,16.07,14.39,11.8,13.78,12.19,13.82,13.32,12.67,12.19
Austria,CAIT,Electricity/Heat,All GHG,MtCO₂e,19.16,17.97,20.2,18.65,19.6,19.49,21.38,22.06,24.56,24.34,20.09,23.69,23.76,24.7,25.71,24.95,24.15,22.15,21.65,19.8,20.19,21.05,21.94,21.44,20.87,19.31,17.79,17.65,20.89,20.04
Finland,CAIT,Electricity/Heat,All GHG,MtCO₂e,18.74,21.41,20.21,22.08,20.69,23.71,26.47,24.96,29.82,35.71,29.82,29.97,36.69,38.69,27.05,38.62,42.51,34.29,31.47,26.19,24.72,24.29,29.46,31.99,25.01,27.07,22.36,19.27,21.63,20.03
Portugal,CAIT,Electricity/Heat,All GHG,MtCO₂e,15.82,21.0,24.65,21.01,21.75,17.73,18.91,20.35,19.27,17.57,22.85,21.94,22.29,24.59,28.12,24.33,23.29,27.21,23.98,24.18,26.65,21.29,18.94,17.78,21.99,19.05,19.05,20.38,17.17,16.56
Lebanon,CAIT,Electricity/Heat,All GHG,MtCO₂e,15.55,15.4,15.72,14.72,14.32,13.56,12.27,11.18,11.73,11.29,10.01,9.65,8.08,8.27,7.38,7.49,8.59,8.55,7.66,7.23,8.14,8.01,5.96,4.99,3.63,3.54,3.2,2.63,3.18,2.81
Norway,CAIT,Electricity/Heat,All GHG,MtCO₂e,15.04,15.47,15.94,15.54,16.01,14.96,14.73,14.15,14.97,16.1,13.58,12.26,12.5,12.16,11.76,11.8,11.64,10.75,10.68,9.96,14.33,13.25,12.24,9.98,10.68,12.08,11.41,10.32,6.99,7.34
Cuba,CAIT,Electricity/Heat,All GHG,MtCO₂e,14.23,15.35,14.91,16.64,16.83,16.28,15.68,15.66,15.04,14.32,14.21,13.92,13.6,13.15,13.15,13.34,13.53,12.94,9.71,11.0,10.4,10.84,10.98,11.64,11.08,10.52,9.3,9.18,11.15,12.95
Azerbaijan,CAIT,Electricity/Heat,All GHG,MtCO₂e,14.21,14.08,14.21,14.26,14.36,14.15,13.67,13.89,11.57,9.9,11.46,13.9,14.49,16.99,16.51,15.72,16.32,14.01,15.18,16.36,15.97,15.93,14.33,14.86,15.47,16.94,22.42,23.07,22.52,21.85
Peru,CAIT,Electricity/Heat,All GHG,MtCO₂e,14.13,13.48,14.84,17.68,15.71,16.51,13.24,15.24,16.01,14.42,11.19,9.99,7.9,6.98,7.44,6.91,4.89,4.91,4.34,4.8,4.95,4.85,5.47,5.46,4.5,3.83,4.12,4.04,3.55,3.99
Laos,CAIT,Electricity/Heat,All GHG,MtCO₂e,14.06,14.1,13.99,10.92,3.73,0.0,0.0,0.0,0.0,0.0,0.0,0.0,0.0,0.0,0.0,0.0,0.0,0.0,0.0,0.0,N/A,N/A,N/A,N/A,N/A,N/A,N/A,N/A,N/A,N/A
Bosnia and Herzegovina,CAIT,Electricity/Heat,All GHG,MtCO₂e,13.74,15.23,15.38,15.07,12.91,13.06,15.33,15.23,16.65,13.95,14.13,13.63,12.54,11.97,10.63,10.34,10.42,9.62,8.82,8.98,7.85,7.97,5.86,2.11,0.79,0.69,6.0,6.91,8.74,10.77
Mongolia,CAIT,Electricity/Heat,All GHG,MtCO₂e,13.7,13.63,12.83,11.78,11.76,11.72,11.19,10.14,9.37,8.95,8.35,7.98,8.06,7.59,7.69,6.67,6.52,7.0,6.44,6.61,6.16,6.28,5.52,5.89,6.62,6.67,7.25,8.05,8.28,6.65
Hungary,CAIT,Electricity/Heat,All GHG,MtCO₂e,13.18,13.78,14.45,13.99,13.81,13.36,13.56,15.93,16.71,17.39,17.01,20.11,20.89,20.01,19.7,21.59,23.64,22.64,24.06,23.87,26.64,26.98,26.12,25.1,24.76,24.4,24.98,24.65,24.23,23.49
Myanmar,CAIT,Electricity/Heat,All GHG,MtCO₂e,12.62,9.72,9.25,7.36,5.69,4.76,3.33,3.2,2.97,2.75,2.17,2.89,3.12,3.12,3.12,3.1,3.18,2.73,2.39,2.78,3.17,2.91,2.87,2.69,2.49,2.2,1.9,1.71,1.61,1.59
Syria,CAIT,Electricity/Heat,All GHG,MtCO₂e,12.27,12.6,12.84,12.31,11.98,12.64,14.95,21.83,26.47,29.33,29.62,28.14,26.56,24.87,23.33,20.33,20.39,18.85,17.13,16.33,15.79,14.74,13.57,12.69,11.53,10.49,8.71,8.45,8.05,7.98
Dominican Republic,CAIT,Electricity/Heat,All GHG,MtCO₂e,11.85,11.19,10.06,10.99,10.84,10.1,9.22,9.55,9.53,8.97,8.45,9.47,9.14,9.0,8.64,7.93,9.14,10.55,9.95,9.6,9.33,8.74,5.88,5.15,5.02,4.97,4.06,4.4,3.67,3.29
Trinidad and Tobago,CAIT,Electricity/Heat,All GHG,MtCO₂e,11.47,12.37,12.12,12.24,13.9,14.09,14.55,13.86,14.72,14.01,12.38,12.78,13.0,13.6,11.38,10.52,10.13,7.58,6.48,5.59,5.87,5.97,5.66,5.32,5.15,5.23,5.23,5.32,5.02,4.72
Sri Lanka,CAIT,Electricity/Heat,All GHG,MtCO₂e,9.98,8.18,9.74,8.75,6.84,6.87,4.09,6.54,5.21,3.43,4.14,4.04,4.12,3.41,4.67,4.47,3.97,3.52,3.08,3.33,1.57,1.33,1.51,1.22,0.36,0.44,0.42,0.79,0.32,0.15
Slovakia,CAIT,Electricity/Heat,All GHG,MtCO₂e,9.95,11.1,11.93,11.74,11.85,11.39,12.72,12.99,13.64,13.86,13.24,13.77,14.92,15.72,16.12,16.27,17.17,14.99,16.47,14.45,16.53,16.64,17.32,17.34,18.04,16.39,18.18,16.61,17.24,17.8
Tunisia,CAIT,Electricity/Heat,All GHG,MtCO₂e,9.77,9.48,9.29,9.14,9.73,9.71,9.26,9.1,8.33,8.45,7.63,7.27,7.2,6.67,6.17,5.91,5.75,6.92,6.9,6.33,6.22,5.77,5.4,5.01,4.75,4.77,4.71,4.65,4.41,4.01
Ireland,CAIT,Electricity/Heat,All GHG,MtCO₂e,9.4,10.69,12.05,12.91,12.16,11.48,11.65,13.06,12.14,13.54,13.15,14.67,14.95,15.31,15.65,15.15,15.55,16.41,17.07,15.74,15.62,15.13,14.31,13.79,13.19,12.67,12.22,12.2,11.47,10.91
Jordan,CAIT,Electricity/Heat,All GHG,MtCO₂e,9.13,9.54,10.52,10.25,11.77,12.6,11.59,11.32,9.94,9.06,8.91,8.77,8.58,7.95,7.44,7.11,7.2,7.12,6.71,6.76,5.86,6.03,5.57,5.41,5.18,4.69,4.57,4.43,3.81,3.45
Denmark,CAIT,Electricity/Heat,All GHG,MtCO₂e,8.81,11.71,11.78,14.12,13.01,15.77,19.32,17.14,20.37,24.57,24.63,24.7,26.86,31.58,23.81,27.11,33.03,28.08,27.85,26.6,29.68,32.77,36.31,45.4,32.77,36.42,32.24,30.66,35.67,26.72
Sweden,CAIT,Electricity/Heat,All GHG,MtCO₂e,8.21,9.06,10.44,10.51,9.62,9.73,10.03,10.4,10.98,13.67,11.02,10.78,10.4,12.07,11.78,12.72,13.26,11.91,10.77,10.0,11.91,13.1,12.17,16.42,11.91,12.61,12.05,11.8,12.06,9.87
New Zealand,CAIT,Electricity/Heat,All GHG,MtCO₂e,7.15,6.41,6.98,6.14,7.31,7.4,8.29,9.4,8.0,8.55,8.98,11.1,10.2,11.77,11.81,9.86,10.2,8.67,9.6,7.92,8.13,6.98,7.44,5.29,4.36,4.67,5.35,6.11,4.94,4.54
Ecuador,CAIT,Electricity/Heat,All GHG,MtCO₂e,6.5,7.47,6.93,9.37,10.51,10.54,10.07,9.14,8.76,9.96,8.69,7.06,7.74,7.47,6.1,5.35,4.75,5.08,5.0,4.29,3.93,5.2,4.69,4.19,3.95,1.84,1.88,2.43,1.93,1.61
Zimbabwe,CAIT,Electricity/Heat,All GHG,MtCO₂e,6.49,6.63,5.44,6.26,7.25,6.89,6.82,5.65,6.05,4.93,2.79,2.73,3.44,3.94,6.08,5.75,4.7,6.38,6.96,5.38,5.99,6.23,5.99,6.72,7.49,8.56,8.1,8.87,8.76,7.02
Estonia,CAIT,Electricity/Heat,All GHG,MtCO₂e,6.08,11.26,12.69,12.09,11.68,13.8,15.02,12.74,13.99,15.18,11.37,13.65,15.06,11.62,12.98,12.93,12.94,11.08,11.23,11.44,11.93,12.33,12.75,12.75,12.15,13.99,14.31,19.52,24.67,26.99
Ghana,CAIT,Electricity/Heat,All GHG,MtCO₂e,5.96,5.29,4.64,4.27,3.37,3.32,3.69,3.1,2.53,3.08,1.73,1.89,2.61,2.41,1.1,0.61,1.73,1.95,0.93,0.54,1.15,1.22,0.03,0.06,0.07,0.08,0.06,0.05,0.05,0.04
Guatemala,CAIT,Electricity/Heat,All GHG,MtCO₂e,5.86,5.54,4.24,5.35,4.98,3.73,3.56,3.06,2.75,2.73,3.67,3.09,3.35,3.15,3.46,3.53,3.15,3.17,2.58,2.47,1.84,2.08,1.08,1.04,1.13,1.01,0.92,0.92,0.31,0.25
Angola,CAIT,Electricity/Heat,All GHG,MtCO₂e,5.75,5.07,5.12,4.58,6.45,6.02,4.35,2.94,2.45,2.62,2.47,1.6,1.19,1.07,0.98,0.86,1.23,1.05,1.04,0.94,0.85,0.59,0.63,0.41,0.38,0.38,0.31,0.37,0.44,0.48
Sudan,CAIT,Electricity/Heat,All GHG,MtCO₂e,5.45,5.36,5.12,4.96,4.15,2.32,1.94,2.09,2.21,1.65,3.29,3.91,3.53,3.45,2.76,2.5,2.37,2.15,1.53,1.47,1.13,0.94,1.13,1.02,0.89,0.67,0.89,0.51,0.58,0.51
Bolivia,CAIT,Electricity/Heat,All GHG,MtCO₂e,5.35,6.18,6.3,6.33,5.61,5.62,4.94,4.82,4.74,4.31,3.75,3.61,3.29,3.05,2.71,2.34,2.37,1.99,1.96,1.78,1.68,2.14,2.07,2.0,2.27,1.95,1.68,1.72,1.52,1.55
Panama,CAIT,Electricity/Heat,All GHG,MtCO₂e,4.84,1.96,2.08,2.67,2.67,2.8,2.6,2.85,3.13,2.74,2.44,1.79,2.08,1.81,1.51,1.44,1.97,1.59,2.22,1.29,1.18,2.04,1.29,1.07,1.26,1.1,1.06,1.2,0.82,0.55
Brunei,CAIT,Electricity/Heat,All GHG,MtCO₂e,4.78,5.21,4.79,4.63,4.09,4.84,4.97,4.99,5.16,5.16,5.13,3.93,3.77,4.21,3.71,3.78,4.14,3.3,3.3,3.42,3.15,3.24,3.88,3.59,3.47,3.17,2.95,2.71,2.61,2.54
Cambodia,CAIT,Electricity/Heat,All GHG,MtCO₂e,4.7,3.89,3.66,3.4,2.39,1.53,0.73,0.9,0.91,0.89,1.04,1.23,1.22,0.95,0.78,0.67,0.61,0.59,0.43,0.38,0.34,0.31,0.26,0.2,0.16,N/A,N/A,N/A,N/A,N/A
Slovenia,CAIT,Electricity/Heat,All GHG,MtCO₂e,4.57,4.85,4.97,4.94,4.61,4.56,5.83,6.05,6.33,6.25,6.13,6.4,6.57,6.47,6.33,6.28,6.2,6.5,6.18,5.69,5.55,6.38,5.99,5.68,5.96,5.66,6.06,6.0,5.48,6.35
Macedonia,CAIT,Electricity/Heat,All GHG,MtCO₂e,4.34,3.63,4.16,3.59,4.01,4.46,4.8,5.71,5.97,5.33,5.84,6.08,6.04,5.9,5.93,5.97,6.13,5.84,6.54,6.15,6.29,6.99,6.09,6.61,6.09,5.95,5.93,5.7,5.7,5.65
Botswana,CAIT,Electricity/Heat,All GHG,MtCO₂e,4.1,4.2,4.31,3.64,3.83,3.77,2.33,0.49,1.08,0.57,0.94,1.06,1.08,1.28,1.69,1.62,1.38,1.32,1.25,1.67,1.67,1.32,1.41,1.32,1.76,1.67,1.65,1.66,1.41,1.53
Senegal,CAIT,Electricity/Heat,All GHG,MtCO₂e,4.09,3.95,4.09,3.04,2.77,2.44,2.23,2.14,2.01,2.13,2.13,1.83,1.74,1.88,1.95,1.59,1.41,1.55,1.66,1.51,1.32,1.24,1.18,1.07,1.03,1.02,0.97,0.95,0.85,0.88
Croatia,CAIT,Electricity/Heat,All GHG,MtCO₂e,3.87,3.83,4.43,4.78,4.69,4.69,5.2,5.6,6.32,6.04,6.52,6.94,8.04,6.92,7.12,7.1,8.19,7.53,6.71,6.19,6.78,7.45,6.35,5.95,6.09,5.45,6.68,6.21,5.6,7.91
Côte d'Ivoire,CAIT,Electricity/Heat,All GHG,MtCO₂e,3.83,3.58,3.92,3.55,3.96,3.94,3.62,3.65,2.81,2.92,2.52,2.85,2.46,2.34,3.14,2.34,2.19,2.64,2.47,2.37,2.51,2.47,2.13,1.49,1.02,1.05,0.91,0.69,0.63,0.59
Honduras,CAIT,Electricity/Heat,All GHG,MtCO₂e,3.53,3.21,2.81,2.87,3.43,3.21,3.02,2.72,2.76,2.31,2.31,2.62,2.59,2.73,1.98,2.31,1.62,1.49,1.31,1.04,0.85,1.32,0.87,0.74,0.91,0.33,0.17,0.12,0.03,0.04
North Korea,CAIT,Electricity/Heat,All GHG,MtCO₂e,3.37,2.93,3.31,4.48,3.67,4.62,4.06,5.65,5.6,7.71,8.34,11.48,10.37,12.29,12.29,11.94,11.7,11.55,12.1,11.63,10.55,8.73,11.07,11.42,11.43,12.1,11.55,13.86,15.03,16.25
Moldova,CAIT,Electricity/Heat,All GHG,MtCO₂e,3.35,3.27,3.01,3.58,3.63,3.28,2.81,3.57,3.53,3.73,3.8,3.74,3.72,3.81,3.79,3.7,4.2,4.02,4.33,4.08,4.38,4.97,5.16,6.0,6.21,8.09,10.53,13.16,12.71,13.7
Cyprus,CAIT,Electricity/Heat,All GHG,MtCO₂e,3.26,3.31,3.28,3.27,3.01,2.92,2.81,3.53,3.72,3.86,4.02,3.97,3.8,3.61,3.53,3.35,3.56,3.04,2.88,3.0,2.86,2.68,2.44,2.31,2.19,2.4,2.27,2.15,1.85,1.78
Switzerland,CAIT,Electricity/Heat,All GHG,MtCO₂e,3.19,3.18,3.19,3.2,3.12,3.61,3.74,3.62,3.65,3.83,3.66,3.94,3.84,4.18,4.07,3.97,3.58,3.56,3.48,3.33,3.47,3.69,3.17,2.97,2.88,3.02,2.83,3.17,3.04,2.52
Papua New Guinea,CAIT,Electricity/Heat,All GHG,MtCO₂e,3.16,3.15,3.16,3.31,2.85,2.49,2.05,1.89,2.04,1.96,2.05,1.89,1.99,1.95,1.99,2.14,1.75,1.45,1.3,0.9,0.83,0.9,0.67,0.57,0.52,0.32,0.79,0.78,0.78,0.78
Tanzania,CAIT,Electricity/Heat,All GHG,MtCO₂e,3.13,2.74,2.5,2.57,2.87,2.43,2.85,2.5,1.92,1.48,1.21,1.24,1.39,1.59,1.36,1.26,0.12,0.12,0.16,0.33,0.19,0.12,0.48,0.43,0.59,0.44,0.35,0.29,0.29,0.29
Jamaica,CAIT,Electricity/Heat,All GHG,MtCO₂e,2.9,2.82,2.73,2.82,2.61,2.49,2.6,2.73,2.98,3.23,3.12,2.79,3.74,3.68,4.31,4.53,5.97,5.68,5.57,5.53,5.53,5.47,5.26,5.08,5.26,4.07,4.78,3.64,1.97,2.03
Yemen,CAIT,Electricity/Heat,All GHG,MtCO₂e,2.83,2.6,3.16,3.64,4.6,7.52,8.39,7.36,7.31,8.12,7.81,6.8,6.55,5.72,5.43,5.12,4.72,4.51,4.67,4.39,4.06,3.34,3.08,2.8,2.68,2.37,2.18,2.3,2.12,1.6
Mauritius,CAIT,Electricity/Heat,All GHG,MtCO₂e,2.44,2.49,2.56,2.44,2.42,2.45,2.37,2.29,2.22,2.23,2.04,2.05,2.01,1.87,1.59,1.42,1.4,1.31,1.28,1.18,1.04,0.85,0.72,0.7,0.64,0.61,0.53,0.51,0.49,0.44
Zambia,CAIT,Electricity/Heat,All GHG,MtCO₂e,2.39,2.72,1.91,0.66,0.33,0.31,0.07,0.07,0.07,0.06,0.06,0.05,0.05,0.08,0.1,0.1,0.1,0.1,0.09,0.08,0.09,0.16,0.15,0.11,0.13,0.14,0.16,0.16,0.16,0.16
Lithuania,CAIT,Electricity/Heat,All GHG,MtCO₂e,2.37,2.55,2.67,3.0,3.28,3.24,3.94,4.52,4.56,5.44,4.93,4.93,4.77,5.26,5.72,5.42,5.25,5.35,5.55,5.08,6.06,7.51,6.66,7.12,6.43,7.29,7.34,8.66,14.75,13.69
Cameroon,CAIT,Electricity/Heat,All GHG,MtCO₂e,2.34,2.62,2.25,2.12,2.03,1.85,1.5,1.23,1.3,1.65,1.56,1.42,1.33,0.61,0.16,0.12,0.12,0.09,0.06,0.04,0.04,0.05,0.03,0.03,0.03,0.03,0.03,0.03,0.04,0.04
Kyrgyzstan,CAIT,Electricity/Heat,All GHG,MtCO₂e,2.21,1.59,1.51,1.84,2.76,2.29,1.65,1.89,1.78,1.68,2.14,2.3,1.94,1.96,2.09,1.67,1.67,1.63,1.78,2.02,1.75,1.82,2.42,2.49,2.21,1.2,1.52,2.72,3.94,3.93
Republic of Congo,CAIT,Electricity/Heat,All GHG,MtCO₂e,2.13,1.52,1.34,1.35,1.27,0.46,0.43,0.42,0.3,0.21,0.13,0.05,0.04,0.05,0.05,0.04,0.04,0.0,0.0,0.0,0.02,0.0,0.0,0.01,0.01,0.0,0.01,0.01,0.0,0.01
Latvia,CAIT,Electricity/Heat,All GHG,MtCO₂e,1.89,2.0,1.61,1.91,1.89,1.81,2.1,1.99,2.2,2.39,2.0,2.07,2.12,2.24,2.22,2.25,2.46,2.5,2.63,2.73,3.27,3.7,3.84,4.34,4.12,4.48,5.34,7.1,8.85,9.87
Mozambique,CAIT,Electricity/Heat,All GHG,MtCO₂e,1.86,1.74,1.94,1.8,0.79,0.29,0.26,0.19,0.18,0.03,0.02,0.02,0.01,0.02,0.02,0.04,0.04,0.04,0.05,0.05,0.02,0.02,0.03,0.03,0.03,0.03,0.06,0.09,0.13,0.11
Tajikistan,CAIT,Electricity/Heat,All GHG,MtCO₂e,1.86,1.5,0.98,0.53,0.29,0.22,0.07,0.05,0.04,0.04,0.08,0.2,0.31,0.59,0.59,0.59,0.51,0.47,0.55,0.57,0.7,0.7,0.7,0.59,0.57,0.72,1.29,1.69,1.54,1.54
Mauritania,CAIT,Electricity/Heat,All GHG,MtCO₂e,1.62,1.49,1.4,1.1,1.54,1.0,0.86,0.92,0.85,0.84,0.75,0.62,0.56,0.5,0.38,0.48,0.43,0.54,0.49,0.43,0.45,0.43,0.41,0.42,0.4,0.36,0.37,0.35,0.35,0.34
Gabon,CAIT,Electricity/Heat,All GHG,MtCO₂e,1.53,1.56,1.61,1.01,0.92,0.86,0.83,0.92,0.89,0.8,0.68,0.68,0.77,0.61,0.63,0.53,0.51,0.46,0.42,0.45,0.46,0.49,0.42,0.41,0.33,0.26,0.34,0.31,0.32,0.31
Montenegro,CAIT,Electricity/Heat,All GHG,MtCO₂e,1.53,1.49,1.29,1.26,1.56,1.49,1.54,1.59,1.78,1.75,0.82,1.54,1.01,1.28,1.13,N/A,N/A,N/A,N/A,N/A,N/A,N/A,N/A,N/A,N/A,N/A,N/A,N/A,N/A,N/A
Nicaragua,CAIT,Electricity/Heat,All GHG,MtCO₂e,1.52,1.48,1.53,1.7,1.73,1.58,1.52,1.75,1.93,1.82,1.84,1.72,1.83,1.74,1.6,1.71,1.63,1.59,1.63,1.5,1.38,1.5,1.11,1.03,0.96,0.85,0.74,0.78,0.62,0.57
Bahamas,CAIT,Electricity/Heat,All GHG,MtCO₂e,1.4,1.38,1.25,1.24,1.26,1.22,1.13,1.72,1.49,1.33,4.26,1.63,1.53,1.48,1.41,1.41,1.47,1.42,1.27,1.21,1.26,1.25,1.12,0.99,1.04,1.01,1.02,1.22,0.87,0.84
Armenia,CAIT,Electricity/Heat,All GHG,MtCO₂e,1.36,1.5,1.26,1.19,1.29,1.15,1.32,1.43,0.95,0.63,0.65,1.04,1.08,0.9,0.95,0.77,0.88,0.92,1.54,1.6,1.46,1.79,1.8,1.54,1.39,0.82,0.81,4.88,7.82,6.12
Georgia,CAIT,Electricity/Heat,All GHG,MtCO₂e,1.35,1.01,1.1,1.07,1.26,1.11,0.98,1.33,1.21,1.0,1.35,0.99,1.78,1.54,1.26,1.06,0.84,0.76,1.13,1.68,1.43,1.57,1.49,1.59,5.39,4.54,6.13,8.84,11.09,17.16
El Salvador,CAIT,Electricity/Heat,All GHG,MtCO₂e,1.2,0.92,1.01,1.69,1.74,1.73,1.7,1.61,1.57,1.49,1.82,1.7,1.93,1.85,1.54,1.49,1.56,1.35,1.27,1.16,1.09,1.45,1.4,0.92,1.36,1.21,0.84,0.64,0.67,0.17
Kenya,CAIT,Electricity/Heat,All GHG,MtCO₂e,1.15,1.24,2.09,2.06,1.1,1.57,2.57,2.01,2.57,2.29,2.97,2.42,1.9,1.91,1.72,1.44,0.94,1.14,1.59,2.2,1.43,1.12,0.61,0.58,0.5,0.55,0.49,0.46,0.41,0.43
Madagascar,CAIT,Electricity/Heat,All GHG,MtCO₂e,1.12,1.27,1.42,1.24,1.34,1.13,1.1,0.98,0.65,0.45,0.38,0.42,0.36,0.38,0.36,0.38,0.37,0.28,0.34,0.35,0.28,0.28,0.19,0.12,0.23,0.2,0.19,0.19,0.2,0.19
Burkina Faso,CAIT,Electricity/Heat,All GHG,MtCO₂e,1.09,1.02,1.06,1.01,1.24,0.77,0.7,0.61,0.54,0.45,0.41,0.36,0.36,0.34,0.3,0.27,0.25,0.22,0.22,0.21,0.17,0.19,0.18,0.14,0.11,0.1,0.12,0.13,0.13,0.13
Suriname,CAIT,Electricity/Heat,All GHG,MtCO₂e,1.09,0.97,1.04,1.23,1.53,1.43,1.19,1.15,0.93,0.56,0.44,0.42,0.42,0.51,0.71,0.48,0.37,0.29,0.33,0.28,N/A,N/A,N/A,N/A,N/A,N/A,N/A,N/A,N/A,N/A
Equatorial Guinea,CAIT,Electricity/Heat,All GHG,MtCO₂e,1.03,0.99,1.06,1.26,1.38,1.44,1.37,0.86,0.74,0.7,0.63,0.6,0.54,0.49,0.4,0.4,0.22,0.16,0.15,0.1,0.02,0.02,0.02,0.02,0.02,0.02,0.02,0.02,0.02,0.02
Guyana,CAIT,Electricity/Heat,All GHG,MtCO₂e,0.98,0.92,0.87,0.85,0.79,0.79,0.81,0.75,0.75,0.76,0.75,0.59,0.6,0.52,0.5,0.69,0.68,0.38,0.38,0.39,0.41,0.48,0.44,0.41,0.42,0.39,0.34,0.34,0.35,0.35
Haiti,CAIT,Electricity/Heat,All GHG,MtCO₂e,0.87,0.86,0.93,1.0,0.94,0.94,0.91,0.88,0.82,0.52,0.26,0.24,0.24,0.18,0.17,0.17,0.17,0.22,0.2,0.19,0.2,0.26,0.35,0.24,0.16,0.03,0.08,0.13,0.22,0.25
Maldives,CAIT,Electricity/Heat,All GHG,MtCO₂e,0.76,0.75,0.71,0.65,0.54,0.49,0.36,0.36,0.33,0.31,0.35,0.34,0.3,0.3,0.25,0.25,0.2,0.19,0.16,0.16,0.1,0.08,0.07,0.06,0.06,0.05,0.04,0.03,0.03,0.03
Malta,CAIT,Electricity/Heat,All GHG,MtCO₂e,0.75,0.7,0.71,0.56,0.85,1.61,1.65,2.03,1.91,1.87,1.87,1.99,2.04,2.0,1.98,2.05,2.15,1.94,1.98,1.59,1.7,1.63,1.6,1.64,1.59,1.82,2.12,1.55,1.61,1.78
South Sudan,CAIT,Electricity/Heat,All GHG,MtCO₂e,0.72,0.67,0.64,0.67,0.81,0.49,0.45,0.38,N/A,N/A,N/A,N/A,N/A,N/A,N/A,N/A,N/A,N/A,N/A,N/A,N/A,N/A,N/A,N/A,N/A,N/A,N/A,N/A,N/A,N/A
Uruguay,CAIT,Electricity/Heat,All GHG,MtCO₂e,0.64,0.79,0.36,0.86,1.15,0.99,1.86,3.29,2.32,1.24,2.64,3.08,1.3,2.05,1.2,1.31,0.31,0.29,0.34,0.73,1.65,0.63,0.72,0.94,0.58,0.13,0.64,1.11,0.92,0.53
Niger,CAIT,Electricity/Heat,All GHG,MtCO₂e,0.61,0.59,0.59,0.71,0.53,0.47,0.38,0.43,0.38,0.33,0.24,0.22,0.21,0.22,0.25,0.26,0.24,0.23,0.21,0.23,0.26,0.31,0.29,0.27,0.29,0.27,0.28,0.26,0.28,0.29
Barbados,CAIT,Electricity/Heat,All GHG,MtCO₂e,0.59,0.59,0.52,0.66,0.64,0.62,0.8,1.18,0.95,0.8,2.65,0.94,0.74,0.72,0.69,0.66,0.67,0.66,0.66,0.59,0.65,0.62,0.61,0.6,0.59,0.55,0.54,0.6,0.47,0.46
Guinea,CAIT,Electricity/Heat,All GHG,MtCO₂e,0.57,0.54,0.41,0.39,0.18,0.23,0.14,0.19,0.12,0.13,0.24,0.24,0.22,0.24,0.24,0.36,0.36,0.36,0.36,0.35,0.35,0.35,0.35,0.35,0.35,0.34,0.34,0.34,0.34,0.33
Chad,CAIT,Electricity/Heat,All GHG,MtCO₂e,0.51,0.5,0.49,0.43,0.54,0.53,0.56,0.52,0.21,0.27,0.26,0.14,0.15,0.15,0.17,0.15,0.16,0.14,0.11,0.08,0.09,0.09,0.09,0.09,0.09,0.09,0.09,0.09,0.09,0.1
Timor-Leste,CAIT,Electricity/Heat,All GHG,MtCO₂e,0.42,0.42,0.42,0.4,0.3,0.3,0.26,0.11,0.12,0.12,0.12,0.1,0.09,0.07,0.08,0.07,0.06,0.06,0.0,0.0,0.0,0.0,0.0,0.0,0.0,0.0,0.0,0.0,0.0,0.0
Eritrea,CAIT,Electricity/Heat,All GHG,MtCO₂e,0.41,0.4,0.33,0.31,0.31,0.3,0.29,0.29,0.28,0.27,0.25,0.23,0.27,0.26,0.28,0.29,0.27,0.26,0.29,0.28,0.29,0.24,0.31,0.33,0.31,0.32,0.33,0.27,N/A,N/A
Fiji,CAIT,Electricity/Heat,All GHG,MtCO₂e,0.34,0.34,0.37,0.33,0.32,0.3,0.21,0.19,0.22,0.27,0.21,0.18,0.23,0.36,0.37,0.32,0.29,0.23,0.2,0.18,0.16,0.14,0.14,0.17,0.12,0.09,0.08,0.08,0.08,0.08
Seychelles,CAIT,Electricity/Heat,All GHG,MtCO₂e,0.34,0.32,0.34,0.33,0.31,0.28,0.27,0.26,0.25,0.24,0.28,0.27,0.28,0.24,0.23,0.18,0.18,0.18,0.16,0.16,0.15,0.14,0.14,0.11,0.11,0.11,0.1,0.1,0.09,0.09
Somalia,CAIT,Electricity/Heat,All GHG,MtCO₂e,0.33,0.32,0.32,0.32,0.31,0.31,0.31,0.27,0.27,0.26,0.26,0.26,0.25,0.25,0.25,0.24,0.24,0.23,0.22,0.2,0.2,0.21,0.22,0.23,0.23,0.24,0.24,0.26,0.27,0.27
Cape Verde,CAIT,Electricity/Heat,All GHG,MtCO₂e,0.3,0.28,0.27,0.24,0.22,0.22,0.21,0.21,0.24,0.24,0.21,0.21,0.15,0.2,0.17,0.16,0.15,0.14,0.11,0.09,0.08,0.07,0.06,0.06,0.06,0.05,0.05,0.04,0.04,0.03
Antigua and Barbuda,CAIT,Electricity/Heat,All GHG,MtCO₂e,0.29,0.29,0.28,0.28,0.28,0.28,0.28,0.41,0.32,0.29,0.75,0.27,0.26,0.24,0.22,0.21,0.22,0.21,0.18,0.17,0.16,0.16,0.14,0.13,0.12,0.11,0.12,0.13,0.1,0.1
Gambia,CAIT,Electricity/Heat,All GHG,MtCO₂e,0.28,0.26,0.26,0.25,0.24,0.22,0.23,0.23,0.22,0.21,0.19,0.2,0.18,0.18,0.16,0.14,0.13,0.12,0.12,0.08,0.08,0.08,0.07,0.06,0.06,0.06,0.06,0.06,0.06,0.06
Benin,CAIT,Electricity/Heat,All GHG,MtCO₂e,0.27,0.17,0.2,0.19,0.22,0.24,0.09,0.04,0.09,0.09,0.09,0.16,0.15,0.11,0.08,0.06,0.06,0.07,0.06,0.05,0.05,0.05,0.05,0.03,0.03,0.03,0.03,0.03,0.03,0.03
Saint Lucia,CAIT,Electricity/Heat,All GHG,MtCO₂e,0.27,0.26,0.26,0.26,0.25,0.25,0.25,0.37,0.3,0.27,0.68,0.24,0.24,0.23,0.22,0.21,0.21,0.21,0.2,0.19,0.18,0.18,0.17,0.15,0.16,0.14,0.14,0.14,0.09,0.09
Liberia,CAIT,Electricity/Heat,All GHG,MtCO₂e,0.26,0.24,0.28,0.31,0.24,0.23,0.23,0.24,0.23,0.21,0.2,0.21,0.21,0.17,0.17,0.16,0.16,0.16,0.17,0.15,0.15,0.25,0.24,0.23,0.23,0.23,0.23,0.23,0.21,0.24
Luxembourg,CAIT,Electricity/Heat,All GHG,MtCO₂e,0.25,0.25,0.27,0.28,0.49,0.71,0.76,1.12,1.09,1.29,1.25,1.11,1.27,1.42,1.36,1.38,1.17,1.16,0.42,0.24,0.18,0.16,0.45,0.74,0.91,1.39,1.77,1.75,1.86,1.73
Togo,CAIT,Electricity/Heat,All GHG,MtCO₂e,0.21,0.21,0.28,0.51,0.19,0.25,0.06,0.02,0.02,0.07,0.04,0.03,0.09,0.11,0.07,0.08,0.04,0.05,0.19,0.1,0.09,0.14,0.05,0.05,0.06,0.11,0.06,0.04,0.1,0.07
Albania,CAIT,Electricity/Heat,All GHG,MtCO₂e,0.19,0.14,0.23,0.12,0.08,0.12,0.05,0.1,0.12,0.1,0.13,0.28,0.33,0.27,0.3,0.28,0.36,0.39,0.35,0.38,0.29,0.33,0.32,0.33,0.4,0.61,0.53,0.4,0.54,0.73
Grenada,CAIT,Electricity/Heat,All GHG,MtCO₂e,0.16,0.16,0.15,0.14,0.13,0.12,0.19,0.23,0.16,0.14,0.4,0.15,0.11,0.11,0.1,0.09,0.1,0.1,0.09,0.08,0.09,0.09,0.09,0.08,0.08,0.07,0.06,0.07,0.05,0.04
Saint Kitts and Nevis,CAIT,Electricity/Heat,All GHG,MtCO₂e,0.15,0.15,0.15,0.15,0.15,0.15,0.15,0.22,0.18,0.16,0.47,0.16,0.16,0.15,0.15,0.14,0.14,0.15,0.13,0.11,0.11,0.1,0.09,0.09,0.09,0.08,0.07,0.08,0.06,0.06
Malawi,CAIT,Electricity/Heat,All GHG,MtCO₂e,0.15,0.14,0.14,0.14,0.13,0.14,0.15,0.14,0.15,0.15,0.15,0.15,0.17,0.18,0.17,0.16,0.13,0.15,0.14,0.15,0.16,0.17,0.16,0.15,0.12,0.12,0.11,0.01,0.01,0.01
Afghanistan,CAIT,Electricity/Heat,All GHG,MtCO₂e,0.12,0.12,0.08,0.08,0.05,0.05,0.08,0.07,0.07,0.07,0.05,0.1,0.1,0.11,0.19,0.17,0.16,0.1,0.13,0.16,0.16,0.16,0.16,0.16,0.16,0.16,0.16,0.16,0.17,0.17
Comoros,CAIT,Electricity/Heat,All GHG,MtCO₂e,0.1,0.09,0.08,0.05,0.05,0.05,0.05,0.05,0.05,0.06,0.04,0.04,0.04,0.05,0.04,0.04,0.03,0.03,0.03,0.03,0.02,0.02,0.02,0.02,0.02,0.02,0.02,0.02,0.01,0.01
Costa Rica,CAIT,Electricity/Heat,All GHG,MtCO₂e,0.1,0.14,0.06,0.17,0.11,0.78,0.86,0.6,0.68,0.61,0.44,0.68,0.74,0.57,0.29,0.13,0.23,0.19,0.19,0.06,0.13,0.37,0.29,0.52,0.87,0.91,0.5,0.67,0.26,0.19
Burundi,CAIT,Electricity/Heat,All GHG,MtCO₂e,0.09,0.09,0.07,0.02,0.03,0.03,0.02,0.0,0.01,0.02,0.0,0.0,0.0,0.0,0.0,0.0,0.0,0.0,0.0,0.0,0.0,0.0,0.0,0.0,0.0,0.0,0.0,0.0,0.0,0.0
Palau,CAIT,Electricity/Heat,All GHG,MtCO₂e,0.09,0.09,0.09,0.09,0.08,0.07,0.07,0.07,0.07,0.07,0.07,0.08,0.09,0.1,0.12,0.11,0.09,0.1,0.1,0.09,0.09,0.09,0.09,0.09,0.09,0.09,0.09,0.09,0.0,0.0
Solomon Islands,CAIT,Electricity/Heat,All GHG,MtCO₂e,0.09,0.09,0.09,0.09,0.08,0.09,0.08,0.07,0.07,0.08,0.08,0.08,0.08,0.08,0.08,0.07,0.06,0.06,0.06,0.06,0.05,0.04,0.03,0.03,0.03,0.03,0.03,0.03,0.03,0.03
Saint Vincent and the Grenadines,CAIT,Electricity/Heat,All GHG,MtCO₂e,0.09,0.09,0.09,0.1,0.09,0.09,0.08,0.12,0.09,0.09,0.25,0.09,0.09,0.09,0.09,0.08,0.08,0.07,0.07,0.06,0.06,0.06,0.05,0.05,0.05,0.05,0.04,0.04,0.03,0.03
Dominica,CAIT,Electricity/Heat,All GHG,MtCO₂e,0.07,0.07,0.09,0.1,0.1,0.1,0.09,0.14,0.09,0.1,0.27,0.1,0.09,0.08,0.08,0.07,0.04,0.04,0.04,0.03,0.04,0.03,0.03,0.02,0.02,0.02,0.01,0.02,0.01,0.01
Micronesia,CAIT,Electricity/Heat,All GHG,MtCO₂e,0.07,0.07,0.07,0.07,0.06,0.06,0.06,0.05,0.05,0.05,0.05,0.05,0.06,0.06,0.07,0.07,0.07,0.06,0.06,0.06,0.06,0.06,0.06,0.06,0.06,0.05,0.05,0.05,0.0,0.0
Guinea-Bissau,CAIT,Electricity/Heat,All GHG,MtCO₂e,0.07,0.06,0.06,0.06,0.04,0.02,0.02,0.02,0.03,0.02,0.02,0.03,0.03,0.02,0.02,0.02,0.02,0.02,0.02,0.02,0.01,0.02,0.05,0.04,0.04,0.04,0.03,0.03,0.03,0.03
Marshall Islands,CAIT,Electricity/Heat,All GHG,MtCO₂e,0.07,0.07,0.07,0.07,0.06,0.06,0.06,0.05,0.05,0.06,0.06,0.06,0.07,0.08,0.08,0.08,0.07,0.08,0.07,0.07,0.06,0.06,0.06,0.06,0.06,0.05,0.05,0.05,0.0,0.0
Namibia,CAIT,Electricity/Heat,All GHG,MtCO₂e,0.07,0.03,0.09,0.08,0.04,0.01,0.08,0.09,0.02,0.03,0.11,0.24,0.17,0.15,0.04,0.01,0.02,0.0,0.01,0.01,0.04,0.05,0.04,0.04,0.04,0.23,0.21,0.03,0.07,N/A
Samoa,CAIT,Electricity/Heat,All GHG,MtCO₂e,0.07,0.07,0.09,0.08,0.06,0.07,0.06,0.05,0.06,0.05,0.05,0.05,0.05,0.05,0.05,0.05,0.04,0.04,0.04,0.04,0.03,0.04,0.02,0.03,0.02,0.01,0.02,0.02,0.02,0.02
Sierra Leone,CAIT,Electricity/Heat,All GHG,MtCO₂e,0.06,0.06,0.07,0.06,0.06,0.05,0.05,0.05,0.02,0.02,0.04,0.03,0.03,0.04,0.05,0.08,0.1,0.1,0.1,0.06,0.06,0.09,0.08,0.11,0.08,0.1,0.1,0.09,0.09,0.09
Sao Tome and Principe,CAIT,Electricity/Heat,All GHG,MtCO₂e,0.06,0.06,0.06,0.05,0.05,0.05,0.05,0.05,0.04,0.04,0.04,0.03,0.03,0.03,0.03,0.02,0.02,0.02,0.02,0.02,0.02,0.01,0.01,0.01,0.01,0.01,0.01,0.01,0.01,0.01
Vanuatu,CAIT,Electricity/Heat,All GHG,MtCO₂e,0.06,0.06,0.05,0.04,0.03,0.04,0.03,0.04,0.04,0.04,0.04,0.04,0.04,0.04,0.05,0.04,0.04,0.04,0.04,0.04,0.04,0.03,0.03,0.03,0.03,0.03,0.03,0.03,0.03,0.02
Djibouti,CAIT,Electricity/Heat,All GHG,MtCO₂e,0.05,0.05,0.04,0.07,0.14,0.08,0.29,0.25,0.26,0.29,0.25,0.26,0.24,0.21,0.21,0.17,0.19,0.17,0.14,0.14,0.14,0.15,0.12,0.11,0.13,0.12,0.12,0.12,0.11,0.1
Tonga,CAIT,Electricity/Heat,All GHG,MtCO₂e,0.05,0.05,0.05,0.04,0.04,0.04,0.04,0.04,0.03,0.03,0.04,0.03,0.04,0.04,0.04,0.03,0.03,0.03,0.03,0.03,0.02,0.02,0.02,0.02,0.02,0.02,0.02,0.02,0.02,0.02
Belize,CAIT,Electricity/Heat,All GHG,MtCO₂e,0.04,0.04,0.03,0.02,0.02,0.02,0.02,0.03,0.02,0.03,0.09,0.01,0.03,0.03,0.07,0.07,0.09,0.04,0.04,0.03,0.07,0.1,0.1,0.09,0.1,0.12,0.14,0.15,0.1,0.08
Cook Islands,CAIT,Electricity/Heat,All GHG,MtCO₂e,0.03,0.03,0.03,0.03,0.02,0.02,0.02,0.02,0.02,0.03,0.02,0.03,0.03,0.03,0.03,0.02,0.02,0.02,0.02,0.02,0.02,0.02,0.02,0.02,0.01,0.01,0.01,0.01,0.01,0.01
Kiribati,CAIT,Electricity/Heat,All GHG,MtCO₂e,0.03,0.03,0.03,0.02,0.02,0.02,0.02,0.02,0.02,0.02,0.02,0.02,0.02,0.02,0.02,0.02,0.02,0.01,0.01,0.01,0.01,0.01,0.01,0.01,0.01,0.01,0.01,0.01,0.01,0.01
Nauru,CAIT,Electricity/Heat,All GHG,MtCO₂e,0.03,0.03,0.03,0.03,0.02,0.02,0.02,0.02,0.02,0.02,0.02,0.02,0.02,0.02,0.03,0.03,0.03,0.03,0.03,0.03,0.03,0.03,0.03,0.03,0.03,0.03,0.03,0.03,0.03,0.03
Democratic Republic of the Congo,CAIT,Electricity/Heat,All GHG,MtCO₂e,0.01,0.01,0.01,0.02,0.02,0.01,0.01,0.01,0.05,0.05,0.05,0.06,0.05,0.03,0.01,0.01,0.01,0.01,0.01,0.0,0.05,0.05,0.05,0.04,0.04,0.04,0.05,0.05,0.07,0.1
Tuvalu,CAIT,Electricity/Heat,All GHG,MtCO₂e,0.01,0.01,0.01,0.01,0.01,0.01,0.01,0.01,0.01,0.01,0.01,0.0,0.01,0.01,0.01,0.0,0.0,0.0,0.0,0.0,0.0,0.0,0.0,0.0,0.0,0.0,0.0,0.0,0.0,0.0
Bhutan,CAIT,Electricity/Heat,All GHG,MtCO₂e,0.0,0.0,0.0,0.0,0.0,0.0,0.0,0.0,0.0,0.0,0.0,0.0,0.0,0.0,0.0,0.0,0.0,0.0,0.0,0.0,0.0,0.0,0.0,0.0,0.0,0.0,0.0,0.0,0.0,0.01
Central African Republic,CAIT,Electricity/Heat,All GHG,MtCO₂e,0.0,0.0,0.0,0.0,0.0,0.0,0.0,0.03,0.03,0.02,0.02,0.02,0.02,0.03,0.02,0.02,0.03,0.03,0.03,0.02,0.02,0.02,0.02,0.02,0.02,0.02,0.02,0.02,0.02,0.02
Ethiopia,CAIT,Electricity/Heat,All GHG,MtCO₂e,0.0,0.0,0.0,0.0,0.0,0.01,0.01,0.02,0.05,0.06,0.49,0.45,0.17,0.01,0.01,0.02,0.01,0.02,0.02,0.02,0.02,0.04,0.05,0.07,0.08,0.07,0.08,0.07,0.32,0.3
Iceland,CAIT,Electricity/Heat,All GHG,MtCO₂e,0.0,0.0,0.01,0.01,0.01,0.01,0.01,0.0,0.0,0.0,0.01,0.01,0.02,0.01,0.01,0.01,0.01,0.01,0.01,0.01,0.04,0.02,0.01,0.01,0.01,0.01,0.01,0.0,0.0,0.0
Lesotho,CAIT,Electricity/Heat,All GHG,MtCO₂e,0.0,0.0,0.0,0.0,0.0,0.0,0.0,0.0,0.0,0.0,0.0,0.0,0.0,0.0,0.0,0.0,0.0,0.0,0.0,0.0,0.0,0.0,0.0,0.0,0.0,0.0,0.0,0.0,0.0,0.0
Mali,CAIT,Electricity/Heat,All GHG,MtCO₂e,0.0,0.0,0.0,0.0,0.0,0.0,0.0,0.0,0.0,0.0,0.0,0.0,0.0,0.0,0.0,0.0,0.0,0.0,0.0,0.0,0.0,0.0,0.0,0.0,0.0,0.0,0.0,0.0,0.0,0.0
Niue,CAIT,Electricity/Heat,All GHG,MtCO₂e,0.0,0.0,0.0,0.0,0.0,0.0,0.0,0.0,0.0,0.0,0.0,0.0,0.0,0.0,0.0,0.0,0.0,0.0,0.0,0.0,0.0,0.0,0.0,0.0,0.0,0.0,0.0,0.0,0.0,0.0
Nepal,CAIT,Electricity/Heat,All GHG,MtCO₂e,0.0,0.0,0.0,0.0,0.0,0.0,0.01,0.01,0.0,0.0,0.01,0.01,0.01,0.01,0.01,0.01,0.0,0.0,0.01,0.02,0.05,0.09,0.09,0.03,0.03,0.07,0.06,0.04,0.03,0.0
Paraguay,CAIT,Electricity/Heat,All GHG,MtCO₂e,0.0,0.0,0.0,0.0,0.0,0.0,0.0,0.0,0.0,0.0,0.0,0.0,0.0,0.0,0.0,0.0,0.0,0.0,0.0,0.0,0.03,0.02,0.02,0.03,0.11,0.01,0.03,0.04,0.04,0.04
Eswatini,CAIT,Electricity/Heat,All GHG,MtCO₂e,0.0,0.0,0.0,0.0,0.0,0.0,0.03,0.03,0.03,0.03,0.03,0.03,0.03,0.03,0.04,0.03,0.03,0.02,0.01,0.0,0.0,0.0,0.0,0.0,0.0,0.0,0.0,0.0,0.0,0.0
Uganda,CAIT,Electricity/Heat,All GHG,MtCO₂e,0.0,0.0,0.0,0.0,0.0,0.0,0.0,0.0,0.0,0.0,0.0,0.0,0.0,0.0,0.0,0.0,0.0,0.0,0.0,0.0,0.0,0.0,0.0,0.0,0.0,0.0,0.0,0.0,0.0,0.0
